{
  "employessData": [],
  "register": [
    {
      "name": "arya choudhary",
      "email": "choudharyarya@gmail.com",
      "password": "password",
      "id": 1
    },
    {
      "name": "Monty",
      "email": "monty@gmail.com",
      "password": "password",
      "id": 2
    },
    {
      "name": "shubham",
      "email": "shubham@gmail.com",
      "password": "password",
      "id": 3
    }
  ],
  "petManagement": [
    {
      "petName": "cat ,dogs",
      "customerName": "Aryan ch",
      "email": "choudhary12@gmail.com",
      "phoneNumber": 9870666787,
      "NoOfPets": "2",
      "id": 1
    },
    {
      "petName": "Fish",
      "customerName": "monty",
      "email": "monty1@gmail.com",
      "phoneNumber": 8776666666,
      "NoOfPets": "1",
      "id": 2
    }
  ],
  "petService": [
    {
      "name": "Senior Pet Checkup",
      "description": "good",
      "price": 3000,
      "id": 1
    }
  ]
}